,ID,Name,Primary Type,Secondary Type,Image
0,#001,Bulbasaur,Grass,Poison,https://img.pokemondb.net/sprites/bank/normal/bulbasaur.png
1,#002,Ivysaur,Grass,Poison,https://img.pokemondb.net/sprites/bank/normal/ivysaur.png
2,#003,Venusaur,Grass,Poison,https://img.pokemondb.net/sprites/bank/normal/venusaur.png
3,#004,Charmander,Fire,,https://img.pokemondb.net/sprites/bank/normal/charmander.png
4,#005,Charmeleon,Fire,,https://img.pokemondb.net/sprites/bank/normal/charmeleon.png
5,#006,Charizard,Fire,Flying,https://img.pokemondb.net/sprites/bank/normal/charizard.png
6,#007,Squirtle,Water,,https://img.pokemondb.net/sprites/bank/normal/squirtle.png
7,#008,Wartortle,Water,,https://img.pokemondb.net/sprites/bank/normal/wartortle.png
8,#009,Blastoise,Water,,https://img.pokemondb.net/sprites/bank/normal/blastoise.png
9,#010,Caterpie,Bug,,https://img.pokemondb.net/sprites/bank/normal/caterpie.png
10,#011,Metapod,Bug,,https://img.pokemondb.net/sprites/bank/normal/metapod.png
11,#012,Butterfree,Bug,Flying,https://img.pokemondb.net/sprites/bank/normal/butterfree.png
12,#013,Weedle,Bug,Poison,https://img.pokemondb.net/sprites/bank/normal/weedle.png
13,#014,Kakuna,Bug,Poison,https://img.pokemondb.net/sprites/bank/normal/kakuna.png
14,#015,Beedrill,Bug,Poison,https://img.pokemondb.net/sprites/bank/normal/beedrill.png
15,#016,Pidgey,Normal,Flying,https://img.pokemondb.net/sprites/bank/normal/pidgey.png
16,#017,Pidgeotto,Normal,Flying,https://img.pokemondb.net/sprites/bank/normal/pidgeotto.png
17,#018,Pidgeot,Normal,Flying,https://img.pokemondb.net/sprites/bank/normal/pidgeot.png
18,#019,Rattata,Normal,,https://img.pokemondb.net/sprites/bank/normal/rattata.png
19,#020,Raticate,Normal,,https://img.pokemondb.net/sprites/bank/normal/raticate.png
20,#021,Spearow,Normal,Flying,https://img.pokemondb.net/sprites/bank/normal/spearow.png
21,#022,Fearow,Normal,Flying,https://img.pokemondb.net/sprites/bank/normal/fearow.png
22,#023,Ekans,Poison,,https://img.pokemondb.net/sprites/bank/normal/ekans.png
23,#024,Arbok,Poison,,https://img.pokemondb.net/sprites/bank/normal/arbok.png
24,#025,Pikachu,Electric,,https://img.pokemondb.net/sprites/bank/normal/pikachu.png
25,#026,Raichu,Electric,,https://img.pokemondb.net/sprites/bank/normal/raichu.png
26,#027,Sandshrew,Ground,,https://img.pokemondb.net/sprites/bank/normal/sandshrew.png
27,#028,Sandslash,Ground,,https://img.pokemondb.net/sprites/bank/normal/sandslash.png
28,#029,Nidoran♀,Poison,,https://img.pokemondb.net/sprites/bank/normal/nidoran-f.png
29,#030,Nidorina,Poison,,https://img.pokemondb.net/sprites/bank/normal/nidorina.png
30,#031,Nidoqueen,Poison,Ground,https://img.pokemondb.net/sprites/bank/normal/nidoqueen.png
31,#032,Nidoran♂,Poison,,https://img.pokemondb.net/sprites/bank/normal/nidoran-m.png
32,#033,Nidorino,Poison,,https://img.pokemondb.net/sprites/bank/normal/nidorino.png
33,#034,Nidoking,Poison,Ground,https://img.pokemondb.net/sprites/bank/normal/nidoking.png
34,#035,Clefairy,Fairy,,https://img.pokemondb.net/sprites/bank/normal/clefairy.png
35,#036,Clefable,Fairy,,https://img.pokemondb.net/sprites/bank/normal/clefable.png
36,#037,Vulpix,Fire,,https://img.pokemondb.net/sprites/bank/normal/vulpix.png
37,#038,Ninetales,Fire,,https://img.pokemondb.net/sprites/bank/normal/ninetales.png
38,#039,Jigglypuff,Normal,Fairy,https://img.pokemondb.net/sprites/bank/normal/jigglypuff.png
39,#040,Wigglytuff,Normal,Fairy,https://img.pokemondb.net/sprites/bank/normal/wigglytuff.png
40,#041,Zubat,Poison,Flying,https://img.pokemondb.net/sprites/bank/normal/zubat.png
41,#042,Golbat,Poison,Flying,https://img.pokemondb.net/sprites/bank/normal/golbat.png
42,#043,Oddish,Grass,Poison,https://img.pokemondb.net/sprites/bank/normal/oddish.png
43,#044,Gloom,Grass,Poison,https://img.pokemondb.net/sprites/bank/normal/gloom.png
44,#045,Vileplume,Grass,Poison,https://img.pokemondb.net/sprites/bank/normal/vileplume.png
45,#046,Paras,Bug,Grass,https://img.pokemondb.net/sprites/bank/normal/paras.png
46,#047,Parasect,Bug,Grass,https://img.pokemondb.net/sprites/bank/normal/parasect.png
47,#048,Venonat,Bug,Poison,https://img.pokemondb.net/sprites/bank/normal/venonat.png
48,#049,Venomoth,Bug,Poison,https://img.pokemondb.net/sprites/bank/normal/venomoth.png
49,#050,Diglett,Ground,,https://img.pokemondb.net/sprites/bank/normal/diglett.png
50,#051,Dugtrio,Ground,,https://img.pokemondb.net/sprites/bank/normal/dugtrio.png
51,#052,Meowth,Normal,,https://img.pokemondb.net/sprites/bank/normal/meowth.png
52,#053,Persian,Normal,,https://img.pokemondb.net/sprites/bank/normal/persian.png
53,#054,Psyduck,Water,,https://img.pokemondb.net/sprites/bank/normal/psyduck.png
54,#055,Golduck,Water,,https://img.pokemondb.net/sprites/bank/normal/golduck.png
55,#056,Mankey,Fighting,,https://img.pokemondb.net/sprites/bank/normal/mankey.png
56,#057,Primeape,Fighting,,https://img.pokemondb.net/sprites/bank/normal/primeape.png
57,#058,Growlithe,Fire,,https://img.pokemondb.net/sprites/bank/normal/growlithe.png
58,#059,Arcanine,Fire,,https://img.pokemondb.net/sprites/bank/normal/arcanine.png
59,#060,Poliwag,Water,,https://img.pokemondb.net/sprites/bank/normal/poliwag.png
60,#061,Poliwhirl,Water,,https://img.pokemondb.net/sprites/bank/normal/poliwhirl.png
61,#062,Poliwrath,Water,Fighting,https://img.pokemondb.net/sprites/bank/normal/poliwrath.png
62,#063,Abra,Psychic,,https://img.pokemondb.net/sprites/bank/normal/abra.png
63,#064,Kadabra,Psychic,,https://img.pokemondb.net/sprites/bank/normal/kadabra.png
64,#065,Alakazam,Psychic,,https://img.pokemondb.net/sprites/bank/normal/alakazam.png
65,#066,Machop,Fighting,,https://img.pokemondb.net/sprites/bank/normal/machop.png
66,#067,Machoke,Fighting,,https://img.pokemondb.net/sprites/bank/normal/machoke.png
67,#068,Machamp,Fighting,,https://img.pokemondb.net/sprites/bank/normal/machamp.png
68,#069,Bellsprout,Grass,Poison,https://img.pokemondb.net/sprites/bank/normal/bellsprout.png
69,#070,Weepinbell,Grass,Poison,https://img.pokemondb.net/sprites/bank/normal/weepinbell.png
70,#071,Victreebel,Grass,Poison,https://img.pokemondb.net/sprites/bank/normal/victreebel.png
71,#072,Tentacool,Water,Poison,https://img.pokemondb.net/sprites/bank/normal/tentacool.png
72,#073,Tentacruel,Water,Poison,https://img.pokemondb.net/sprites/bank/normal/tentacruel.png
73,#074,Geodude,Rock,Ground,https://img.pokemondb.net/sprites/bank/normal/geodude.png
74,#075,Graveler,Rock,Ground,https://img.pokemondb.net/sprites/bank/normal/graveler.png
75,#076,Golem,Rock,Ground,https://img.pokemondb.net/sprites/bank/normal/golem.png
76,#077,Ponyta,Fire,,https://img.pokemondb.net/sprites/bank/normal/ponyta.png
77,#078,Rapidash,Fire,,https://img.pokemondb.net/sprites/bank/normal/rapidash.png
78,#079,Slowpoke,Water,Psychic,https://img.pokemondb.net/sprites/bank/normal/slowpoke.png
79,#080,Slowbro,Water,Psychic,https://img.pokemondb.net/sprites/bank/normal/slowbro.png
80,#081,Magnemite,Electric,Steel,https://img.pokemondb.net/sprites/bank/normal/magnemite.png
81,#082,Magneton,Electric,Steel,https://img.pokemondb.net/sprites/bank/normal/magneton.png
82,#083,Farfetch'd,Normal,Flying,https://img.pokemondb.net/sprites/bank/normal/farfetchd.png
83,#084,Doduo,Normal,Flying,https://img.pokemondb.net/sprites/bank/normal/doduo.png
84,#085,Dodrio,Normal,Flying,https://img.pokemondb.net/sprites/bank/normal/dodrio.png
85,#086,Seel,Water,,https://img.pokemondb.net/sprites/bank/normal/seel.png
86,#087,Dewgong,Water,Ice,https://img.pokemondb.net/sprites/bank/normal/dewgong.png
87,#088,Grimer,Poison,,https://img.pokemondb.net/sprites/bank/normal/grimer.png
88,#089,Muk,Poison,,https://img.pokemondb.net/sprites/bank/normal/muk.png
89,#090,Shellder,Water,,https://img.pokemondb.net/sprites/bank/normal/shellder.png
90,#091,Cloyster,Water,Ice,https://img.pokemondb.net/sprites/bank/normal/cloyster.png
91,#092,Gastly,Ghost,Poison,https://img.pokemondb.net/sprites/bank/normal/gastly.png
92,#093,Haunter,Ghost,Poison,https://img.pokemondb.net/sprites/bank/normal/haunter.png
93,#094,Gengar,Ghost,Poison,https://img.pokemondb.net/sprites/bank/normal/gengar.png
94,#095,Onix,Rock,Ground,https://img.pokemondb.net/sprites/bank/normal/onix.png
95,#096,Drowzee,Psychic,,https://img.pokemondb.net/sprites/bank/normal/drowzee.png
96,#097,Hypno,Psychic,,https://img.pokemondb.net/sprites/bank/normal/hypno.png
97,#098,Krabby,Water,,https://img.pokemondb.net/sprites/bank/normal/krabby.png
98,#099,Kingler,Water,,https://img.pokemondb.net/sprites/bank/normal/kingler.png
99,#100,Voltorb,Electric,,https://img.pokemondb.net/sprites/bank/normal/voltorb.png
100,#101,Electrode,Electric,,https://img.pokemondb.net/sprites/bank/normal/electrode.png
101,#102,Exeggcute,Grass,Psychic,https://img.pokemondb.net/sprites/bank/normal/exeggcute.png
102,#103,Exeggutor,Grass,Psychic,https://img.pokemondb.net/sprites/bank/normal/exeggutor.png
103,#104,Cubone,Ground,,https://img.pokemondb.net/sprites/bank/normal/cubone.png
104,#105,Marowak,Ground,,https://img.pokemondb.net/sprites/bank/normal/marowak.png
105,#106,Hitmonlee,Fighting,,https://img.pokemondb.net/sprites/bank/normal/hitmonlee.png
106,#107,Hitmonchan,Fighting,,https://img.pokemondb.net/sprites/bank/normal/hitmonchan.png
107,#108,Lickitung,Normal,,https://img.pokemondb.net/sprites/bank/normal/lickitung.png
108,#109,Koffing,Poison,,https://img.pokemondb.net/sprites/bank/normal/koffing.png
109,#110,Weezing,Poison,,https://img.pokemondb.net/sprites/bank/normal/weezing.png
110,#111,Rhyhorn,Ground,Rock,https://img.pokemondb.net/sprites/bank/normal/rhyhorn.png
111,#112,Rhydon,Ground,Rock,https://img.pokemondb.net/sprites/bank/normal/rhydon.png
112,#113,Chansey,Normal,,https://img.pokemondb.net/sprites/bank/normal/chansey.png
113,#114,Tangela,Grass,,https://img.pokemondb.net/sprites/bank/normal/tangela.png
114,#115,Kangaskhan,Normal,,https://img.pokemondb.net/sprites/bank/normal/kangaskhan.png
115,#116,Horsea,Water,,https://img.pokemondb.net/sprites/bank/normal/horsea.png
116,#117,Seadra,Water,,https://img.pokemondb.net/sprites/bank/normal/seadra.png
117,#118,Goldeen,Water,,https://img.pokemondb.net/sprites/bank/normal/goldeen.png
118,#119,Seaking,Water,,https://img.pokemondb.net/sprites/bank/normal/seaking.png
119,#120,Staryu,Water,,https://img.pokemondb.net/sprites/bank/normal/staryu.png
120,#121,Starmie,Water,Psychic,https://img.pokemondb.net/sprites/bank/normal/starmie.png
121,#122,Mr.,Psychic,Fairy,https://img.pokemondb.net/sprites/bank/normal/mr-mime.png
122,#123,Scyther,Bug,Flying,https://img.pokemondb.net/sprites/bank/normal/scyther.png
123,#124,Jynx,Ice,Psychic,https://img.pokemondb.net/sprites/bank/normal/jynx.png
124,#125,Electabuzz,Electric,,https://img.pokemondb.net/sprites/bank/normal/electabuzz.png
125,#126,Magmar,Fire,,https://img.pokemondb.net/sprites/bank/normal/magmar.png
126,#127,Pinsir,Bug,,https://img.pokemondb.net/sprites/bank/normal/pinsir.png
127,#128,Tauros,Normal,,https://img.pokemondb.net/sprites/bank/normal/tauros.png
128,#129,Magikarp,Water,,https://img.pokemondb.net/sprites/bank/normal/magikarp.png
129,#130,Gyarados,Water,Flying,https://img.pokemondb.net/sprites/bank/normal/gyarados.png
130,#131,Lapras,Water,Ice,https://img.pokemondb.net/sprites/bank/normal/lapras.png
131,#132,Ditto,Normal,,https://img.pokemondb.net/sprites/bank/normal/ditto.png
132,#133,Eevee,Normal,,https://img.pokemondb.net/sprites/bank/normal/eevee.png
133,#134,Vaporeon,Water,,https://img.pokemondb.net/sprites/bank/normal/vaporeon.png
134,#135,Jolteon,Electric,,https://img.pokemondb.net/sprites/bank/normal/jolteon.png
135,#136,Flareon,Fire,,https://img.pokemondb.net/sprites/bank/normal/flareon.png
136,#137,Porygon,Normal,,https://img.pokemondb.net/sprites/bank/normal/porygon.png
137,#138,Omanyte,Rock,Water,https://img.pokemondb.net/sprites/bank/normal/omanyte.png
138,#139,Omastar,Rock,Water,https://img.pokemondb.net/sprites/bank/normal/omastar.png
139,#140,Kabuto,Rock,Water,https://img.pokemondb.net/sprites/bank/normal/kabuto.png
140,#141,Kabutops,Rock,Water,https://img.pokemondb.net/sprites/bank/normal/kabutops.png
141,#142,Aerodactyl,Rock,Flying,https://img.pokemondb.net/sprites/bank/normal/aerodactyl.png
142,#143,Snorlax,Normal,,https://img.pokemondb.net/sprites/bank/normal/snorlax.png
143,#144,Articuno,Ice,Flying,https://img.pokemondb.net/sprites/bank/normal/articuno.png
144,#145,Zapdos,Electric,Flying,https://img.pokemondb.net/sprites/bank/normal/zapdos.png
145,#146,Moltres,Fire,Flying,https://img.pokemondb.net/sprites/bank/normal/moltres.png
146,#147,Dratini,Dragon,,https://img.pokemondb.net/sprites/bank/normal/dratini.png
147,#148,Dragonair,Dragon,,https://img.pokemondb.net/sprites/bank/normal/dragonair.png
148,#149,Dragonite,Dragon,Flying,https://img.pokemondb.net/sprites/bank/normal/dragonite.png
149,#150,Mewtwo,Psychic,,https://img.pokemondb.net/sprites/bank/normal/mewtwo.png
150,#151,Mew,Psychic,,https://img.pokemondb.net/sprites/bank/normal/mew.png
151,#152,Chikorita,Grass,,https://img.pokemondb.net/sprites/bank/normal/chikorita.png
152,#153,Bayleef,Grass,,https://img.pokemondb.net/sprites/bank/normal/bayleef.png
153,#154,Meganium,Grass,,https://img.pokemondb.net/sprites/bank/normal/meganium.png
154,#155,Cyndaquil,Fire,,https://img.pokemondb.net/sprites/bank/normal/cyndaquil.png
155,#156,Quilava,Fire,,https://img.pokemondb.net/sprites/bank/normal/quilava.png
156,#157,Typhlosion,Fire,,https://img.pokemondb.net/sprites/bank/normal/typhlosion.png
157,#158,Totodile,Water,,https://img.pokemondb.net/sprites/bank/normal/totodile.png
158,#159,Croconaw,Water,,https://img.pokemondb.net/sprites/bank/normal/croconaw.png
159,#160,Feraligatr,Water,,https://img.pokemondb.net/sprites/bank/normal/feraligatr.png
160,#161,Sentret,Normal,,https://img.pokemondb.net/sprites/bank/normal/sentret.png
161,#162,Furret,Normal,,https://img.pokemondb.net/sprites/bank/normal/furret.png
162,#163,Hoothoot,Normal,Flying,https://img.pokemondb.net/sprites/bank/normal/hoothoot.png
163,#164,Noctowl,Normal,Flying,https://img.pokemondb.net/sprites/bank/normal/noctowl.png
164,#165,Ledyba,Bug,Flying,https://img.pokemondb.net/sprites/bank/normal/ledyba.png
165,#166,Ledian,Bug,Flying,https://img.pokemondb.net/sprites/bank/normal/ledian.png
166,#167,Spinarak,Bug,Poison,https://img.pokemondb.net/sprites/bank/normal/spinarak.png
167,#168,Ariados,Bug,Poison,https://img.pokemondb.net/sprites/bank/normal/ariados.png
168,#169,Crobat,Poison,Flying,https://img.pokemondb.net/sprites/bank/normal/crobat.png
169,#170,Chinchou,Water,Electric,https://img.pokemondb.net/sprites/bank/normal/chinchou.png
170,#171,Lanturn,Water,Electric,https://img.pokemondb.net/sprites/bank/normal/lanturn.png
171,#172,Pichu,Electric,,https://img.pokemondb.net/sprites/bank/normal/pichu.png
172,#173,Cleffa,Fairy,,https://img.pokemondb.net/sprites/bank/normal/cleffa.png
173,#174,Igglybuff,Normal,Fairy,https://img.pokemondb.net/sprites/bank/normal/igglybuff.png
174,#175,Togepi,Fairy,,https://img.pokemondb.net/sprites/bank/normal/togepi.png
175,#176,Togetic,Fairy,Flying,https://img.pokemondb.net/sprites/bank/normal/togetic.png
176,#177,Natu,Psychic,Flying,https://img.pokemondb.net/sprites/bank/normal/natu.png
177,#178,Xatu,Psychic,Flying,https://img.pokemondb.net/sprites/bank/normal/xatu.png
178,#179,Mareep,Electric,,https://img.pokemondb.net/sprites/bank/normal/mareep.png
179,#180,Flaaffy,Electric,,https://img.pokemondb.net/sprites/bank/normal/flaaffy.png
180,#181,Ampharos,Electric,,https://img.pokemondb.net/sprites/bank/normal/ampharos.png
181,#182,Bellossom,Grass,,https://img.pokemondb.net/sprites/bank/normal/bellossom.png
182,#183,Marill,Water,Fairy,https://img.pokemondb.net/sprites/bank/normal/marill.png
183,#184,Azumarill,Water,Fairy,https://img.pokemondb.net/sprites/bank/normal/azumarill.png
184,#185,Sudowoodo,Rock,,https://img.pokemondb.net/sprites/bank/normal/sudowoodo.png
185,#186,Politoed,Water,,https://img.pokemondb.net/sprites/bank/normal/politoed.png
186,#187,Hoppip,Grass,Flying,https://img.pokemondb.net/sprites/bank/normal/hoppip.png
187,#188,Skiploom,Grass,Flying,https://img.pokemondb.net/sprites/bank/normal/skiploom.png
188,#189,Jumpluff,Grass,Flying,https://img.pokemondb.net/sprites/bank/normal/jumpluff.png
189,#190,Aipom,Normal,,https://img.pokemondb.net/sprites/bank/normal/aipom.png
190,#191,Sunkern,Grass,,https://img.pokemondb.net/sprites/bank/normal/sunkern.png
191,#192,Sunflora,Grass,,https://img.pokemondb.net/sprites/bank/normal/sunflora.png
192,#193,Yanma,Bug,Flying,https://img.pokemondb.net/sprites/bank/normal/yanma.png
193,#194,Wooper,Water,Ground,https://img.pokemondb.net/sprites/bank/normal/wooper.png
194,#195,Quagsire,Water,Ground,https://img.pokemondb.net/sprites/bank/normal/quagsire.png
195,#196,Espeon,Psychic,,https://img.pokemondb.net/sprites/bank/normal/espeon.png
196,#197,Umbreon,Dark,,https://img.pokemondb.net/sprites/bank/normal/umbreon.png
197,#198,Murkrow,Dark,Flying,https://img.pokemondb.net/sprites/bank/normal/murkrow.png
198,#199,Slowking,Water,Psychic,https://img.pokemondb.net/sprites/bank/normal/slowking.png
199,#200,Misdreavus,Ghost,,https://img.pokemondb.net/sprites/bank/normal/misdreavus.png
200,#201,Unown,Psychic,,https://img.pokemondb.net/sprites/bank/normal/unown.png
201,#202,Wobbuffet,Psychic,,https://img.pokemondb.net/sprites/bank/normal/wobbuffet.png
202,#203,Girafarig,Normal,Psychic,https://img.pokemondb.net/sprites/bank/normal/girafarig.png
203,#204,Pineco,Bug,,https://img.pokemondb.net/sprites/bank/normal/pineco.png
204,#205,Forretress,Bug,Steel,https://img.pokemondb.net/sprites/bank/normal/forretress.png
205,#206,Dunsparce,Normal,,https://img.pokemondb.net/sprites/bank/normal/dunsparce.png
206,#207,Gligar,Ground,Flying,https://img.pokemondb.net/sprites/bank/normal/gligar.png
207,#208,Steelix,Steel,Ground,https://img.pokemondb.net/sprites/bank/normal/steelix.png
208,#209,Snubbull,Fairy,,https://img.pokemondb.net/sprites/bank/normal/snubbull.png
209,#210,Granbull,Fairy,,https://img.pokemondb.net/sprites/bank/normal/granbull.png
210,#211,Qwilfish,Water,Poison,https://img.pokemondb.net/sprites/bank/normal/qwilfish.png
211,#212,Scizor,Bug,Steel,https://img.pokemondb.net/sprites/bank/normal/scizor.png
212,#213,Shuckle,Bug,Rock,https://img.pokemondb.net/sprites/bank/normal/shuckle.png
213,#214,Heracross,Bug,Fighting,https://img.pokemondb.net/sprites/bank/normal/heracross.png
214,#215,Sneasel,Dark,Ice,https://img.pokemondb.net/sprites/bank/normal/sneasel.png
215,#216,Teddiursa,Normal,,https://img.pokemondb.net/sprites/bank/normal/teddiursa.png
216,#217,Ursaring,Normal,,https://img.pokemondb.net/sprites/bank/normal/ursaring.png
217,#218,Slugma,Fire,,https://img.pokemondb.net/sprites/bank/normal/slugma.png
218,#219,Magcargo,Fire,Rock,https://img.pokemondb.net/sprites/bank/normal/magcargo.png
219,#220,Swinub,Ice,Ground,https://img.pokemondb.net/sprites/bank/normal/swinub.png
220,#221,Piloswine,Ice,Ground,https://img.pokemondb.net/sprites/bank/normal/piloswine.png
221,#222,Corsola,Water,Rock,https://img.pokemondb.net/sprites/bank/normal/corsola.png
222,#223,Remoraid,Water,,https://img.pokemondb.net/sprites/bank/normal/remoraid.png
223,#224,Octillery,Water,,https://img.pokemondb.net/sprites/bank/normal/octillery.png
224,#225,Delibird,Ice,Flying,https://img.pokemondb.net/sprites/bank/normal/delibird.png
225,#226,Mantine,Water,Flying,https://img.pokemondb.net/sprites/bank/normal/mantine.png
226,#227,Skarmory,Steel,Flying,https://img.pokemondb.net/sprites/bank/normal/skarmory.png
227,#228,Houndour,Dark,Fire,https://img.pokemondb.net/sprites/bank/normal/houndour.png
228,#229,Houndoom,Dark,Fire,https://img.pokemondb.net/sprites/bank/normal/houndoom.png
229,#230,Kingdra,Water,Dragon,https://img.pokemondb.net/sprites/bank/normal/kingdra.png
230,#231,Phanpy,Ground,,https://img.pokemondb.net/sprites/bank/normal/phanpy.png
231,#232,Donphan,Ground,,https://img.pokemondb.net/sprites/bank/normal/donphan.png
232,#233,Porygon2,Normal,,https://img.pokemondb.net/sprites/bank/normal/porygon2.png
233,#234,Stantler,Normal,,https://img.pokemondb.net/sprites/bank/normal/stantler.png
234,#235,Smeargle,Normal,,https://img.pokemondb.net/sprites/bank/normal/smeargle.png
235,#236,Tyrogue,Fighting,,https://img.pokemondb.net/sprites/bank/normal/tyrogue.png
236,#237,Hitmontop,Fighting,,https://img.pokemondb.net/sprites/bank/normal/hitmontop.png
237,#238,Smoochum,Ice,Psychic,https://img.pokemondb.net/sprites/bank/normal/smoochum.png
238,#239,Elekid,Electric,,https://img.pokemondb.net/sprites/bank/normal/elekid.png
239,#240,Magby,Fire,,https://img.pokemondb.net/sprites/bank/normal/magby.png
240,#241,Miltank,Normal,,https://img.pokemondb.net/sprites/bank/normal/miltank.png
241,#242,Blissey,Normal,,https://img.pokemondb.net/sprites/bank/normal/blissey.png
242,#243,Raikou,Electric,,https://img.pokemondb.net/sprites/bank/normal/raikou.png
243,#244,Entei,Fire,,https://img.pokemondb.net/sprites/bank/normal/entei.png
244,#245,Suicune,Water,,https://img.pokemondb.net/sprites/bank/normal/suicune.png
245,#246,Larvitar,Rock,Ground,https://img.pokemondb.net/sprites/bank/normal/larvitar.png
246,#247,Pupitar,Rock,Ground,https://img.pokemondb.net/sprites/bank/normal/pupitar.png
247,#248,Tyranitar,Rock,Dark,https://img.pokemondb.net/sprites/bank/normal/tyranitar.png
248,#249,Lugia,Psychic,Flying,https://img.pokemondb.net/sprites/bank/normal/lugia.png
249,#250,Ho-oh,Fire,Flying,https://img.pokemondb.net/sprites/bank/normal/ho-oh.png
250,#251,Celebi,Psychic,Grass,https://img.pokemondb.net/sprites/bank/normal/celebi.png
251,#252,Treecko,Grass,,https://img.pokemondb.net/sprites/bank/normal/treecko.png
252,#253,Grovyle,Grass,,https://img.pokemondb.net/sprites/bank/normal/grovyle.png
253,#254,Sceptile,Grass,,https://img.pokemondb.net/sprites/bank/normal/sceptile.png
254,#255,Torchic,Fire,,https://img.pokemondb.net/sprites/bank/normal/torchic.png
255,#256,Combusken,Fire,Fighting,https://img.pokemondb.net/sprites/bank/normal/combusken.png
256,#257,Blaziken,Fire,Fighting,https://img.pokemondb.net/sprites/bank/normal/blaziken.png
257,#258,Mudkip,Water,,https://img.pokemondb.net/sprites/bank/normal/mudkip.png
258,#259,Marshtomp,Water,Ground,https://img.pokemondb.net/sprites/bank/normal/marshtomp.png
259,#260,Swampert,Water,Ground,https://img.pokemondb.net/sprites/bank/normal/swampert.png
260,#261,Poochyena,Dark,,https://img.pokemondb.net/sprites/bank/normal/poochyena.png
261,#262,Mightyena,Dark,,https://img.pokemondb.net/sprites/bank/normal/mightyena.png
262,#263,Zigzagoon,Normal,,https://img.pokemondb.net/sprites/bank/normal/zigzagoon.png
263,#264,Linoone,Normal,,https://img.pokemondb.net/sprites/bank/normal/linoone.png
264,#265,Wurmple,Bug,,https://img.pokemondb.net/sprites/bank/normal/wurmple.png
265,#266,Silcoon,Bug,,https://img.pokemondb.net/sprites/bank/normal/silcoon.png
266,#267,Beautifly,Bug,Flying,https://img.pokemondb.net/sprites/bank/normal/beautifly.png
267,#268,Cascoon,Bug,,https://img.pokemondb.net/sprites/bank/normal/cascoon.png
268,#269,Dustox,Bug,Poison,https://img.pokemondb.net/sprites/bank/normal/dustox.png
269,#270,Lotad,Water,Grass,https://img.pokemondb.net/sprites/bank/normal/lotad.png
270,#271,Lombre,Water,Grass,https://img.pokemondb.net/sprites/bank/normal/lombre.png
271,#272,Ludicolo,Water,Grass,https://img.pokemondb.net/sprites/bank/normal/ludicolo.png
272,#273,Seedot,Grass,,https://img.pokemondb.net/sprites/bank/normal/seedot.png
273,#274,Nuzleaf,Grass,Dark,https://img.pokemondb.net/sprites/bank/normal/nuzleaf.png
274,#275,Shiftry,Grass,Dark,https://img.pokemondb.net/sprites/bank/normal/shiftry.png
275,#276,Taillow,Normal,Flying,https://img.pokemondb.net/sprites/bank/normal/taillow.png
276,#277,Swellow,Normal,Flying,https://img.pokemondb.net/sprites/bank/normal/swellow.png
277,#278,Wingull,Water,Flying,https://img.pokemondb.net/sprites/bank/normal/wingull.png
278,#279,Pelipper,Water,Flying,https://img.pokemondb.net/sprites/bank/normal/pelipper.png
279,#280,Ralts,Psychic,Fairy,https://img.pokemondb.net/sprites/bank/normal/ralts.png
280,#281,Kirlia,Psychic,Fairy,https://img.pokemondb.net/sprites/bank/normal/kirlia.png
281,#282,Gardevoir,Psychic,Fairy,https://img.pokemondb.net/sprites/bank/normal/gardevoir.png
282,#283,Surskit,Bug,Water,https://img.pokemondb.net/sprites/bank/normal/surskit.png
283,#284,Masquerain,Bug,Flying,https://img.pokemondb.net/sprites/bank/normal/masquerain.png
284,#285,Shroomish,Grass,,https://img.pokemondb.net/sprites/bank/normal/shroomish.png
285,#286,Breloom,Grass,Fighting,https://img.pokemondb.net/sprites/bank/normal/breloom.png
286,#287,Slakoth,Normal,,https://img.pokemondb.net/sprites/bank/normal/slakoth.png
287,#288,Vigoroth,Normal,,https://img.pokemondb.net/sprites/bank/normal/vigoroth.png
288,#289,Slaking,Normal,,https://img.pokemondb.net/sprites/bank/normal/slaking.png
289,#290,Nincada,Bug,Ground,https://img.pokemondb.net/sprites/bank/normal/nincada.png
290,#291,Ninjask,Bug,Flying,https://img.pokemondb.net/sprites/bank/normal/ninjask.png
291,#292,Shedinja,Bug,Ghost,https://img.pokemondb.net/sprites/bank/normal/shedinja.png
292,#293,Whismur,Normal,,https://img.pokemondb.net/sprites/bank/normal/whismur.png
293,#294,Loudred,Normal,,https://img.pokemondb.net/sprites/bank/normal/loudred.png
294,#295,Exploud,Normal,,https://img.pokemondb.net/sprites/bank/normal/exploud.png
295,#296,Makuhita,Fighting,,https://img.pokemondb.net/sprites/bank/normal/makuhita.png
296,#297,Hariyama,Fighting,,https://img.pokemondb.net/sprites/bank/normal/hariyama.png
297,#298,Azurill,Normal,Fairy,https://img.pokemondb.net/sprites/bank/normal/azurill.png
298,#299,Nosepass,Rock,,https://img.pokemondb.net/sprites/bank/normal/nosepass.png
299,#300,Skitty,Normal,,https://img.pokemondb.net/sprites/bank/normal/skitty.png
300,#301,Delcatty,Normal,,https://img.pokemondb.net/sprites/bank/normal/delcatty.png
301,#302,Sableye,Dark,Ghost,https://img.pokemondb.net/sprites/bank/normal/sableye.png
302,#303,Mawile,Steel,Fairy,https://img.pokemondb.net/sprites/bank/normal/mawile.png
303,#304,Aron,Steel,Rock,https://img.pokemondb.net/sprites/bank/normal/aron.png
304,#305,Lairon,Steel,Rock,https://img.pokemondb.net/sprites/bank/normal/lairon.png
305,#306,Aggron,Steel,Rock,https://img.pokemondb.net/sprites/bank/normal/aggron.png
306,#307,Meditite,Fighting,Psychic,https://img.pokemondb.net/sprites/bank/normal/meditite.png
307,#308,Medicham,Fighting,Psychic,https://img.pokemondb.net/sprites/bank/normal/medicham.png
308,#309,Electrike,Electric,,https://img.pokemondb.net/sprites/bank/normal/electrike.png
309,#310,Manectric,Electric,,https://img.pokemondb.net/sprites/bank/normal/manectric.png
310,#311,Plusle,Electric,,https://img.pokemondb.net/sprites/bank/normal/plusle.png
311,#312,Minun,Electric,,https://img.pokemondb.net/sprites/bank/normal/minun.png
312,#313,Volbeat,Bug,,https://img.pokemondb.net/sprites/bank/normal/volbeat.png
313,#314,Illumise,Bug,,https://img.pokemondb.net/sprites/bank/normal/illumise.png
314,#315,Roselia,Grass,Poison,https://img.pokemondb.net/sprites/bank/normal/roselia.png
315,#316,Gulpin,Poison,,https://img.pokemondb.net/sprites/bank/normal/gulpin.png
316,#317,Swalot,Poison,,https://img.pokemondb.net/sprites/bank/normal/swalot.png
317,#318,Carvanha,Water,Dark,https://img.pokemondb.net/sprites/bank/normal/carvanha.png
318,#319,Sharpedo,Water,Dark,https://img.pokemondb.net/sprites/bank/normal/sharpedo.png
319,#320,Wailmer,Water,,https://img.pokemondb.net/sprites/bank/normal/wailmer.png
320,#321,Wailord,Water,,https://img.pokemondb.net/sprites/bank/normal/wailord.png
321,#322,Numel,Fire,Ground,https://img.pokemondb.net/sprites/bank/normal/numel.png
322,#323,Camerupt,Fire,Ground,https://img.pokemondb.net/sprites/bank/normal/camerupt.png
323,#324,Torkoal,Fire,,https://img.pokemondb.net/sprites/bank/normal/torkoal.png
324,#325,Spoink,Psychic,,https://img.pokemondb.net/sprites/bank/normal/spoink.png
325,#326,Grumpig,Psychic,,https://img.pokemondb.net/sprites/bank/normal/grumpig.png
326,#327,Spinda,Normal,,https://img.pokemondb.net/sprites/bank/normal/spinda.png
327,#328,Trapinch,Ground,,https://img.pokemondb.net/sprites/bank/normal/trapinch.png
328,#329,Vibrava,Ground,Dragon,https://img.pokemondb.net/sprites/bank/normal/vibrava.png
329,#330,Flygon,Ground,Dragon,https://img.pokemondb.net/sprites/bank/normal/flygon.png
330,#331,Cacnea,Grass,,https://img.pokemondb.net/sprites/bank/normal/cacnea.png
331,#332,Cacturne,Grass,Dark,https://img.pokemondb.net/sprites/bank/normal/cacturne.png
332,#333,Swablu,Normal,Flying,https://img.pokemondb.net/sprites/bank/normal/swablu.png
333,#334,Altaria,Dragon,Flying,https://img.pokemondb.net/sprites/bank/normal/altaria.png
334,#335,Zangoose,Normal,,https://img.pokemondb.net/sprites/bank/normal/zangoose.png
335,#336,Seviper,Poison,,https://img.pokemondb.net/sprites/bank/normal/seviper.png
336,#337,Lunatone,Rock,Psychic,https://img.pokemondb.net/sprites/bank/normal/lunatone.png
337,#338,Solrock,Rock,Psychic,https://img.pokemondb.net/sprites/bank/normal/solrock.png
338,#339,Barboach,Water,Ground,https://img.pokemondb.net/sprites/bank/normal/barboach.png
339,#340,Whiscash,Water,Ground,https://img.pokemondb.net/sprites/bank/normal/whiscash.png
340,#341,Corphish,Water,,https://img.pokemondb.net/sprites/bank/normal/corphish.png
341,#342,Crawdaunt,Water,Dark,https://img.pokemondb.net/sprites/bank/normal/crawdaunt.png
342,#343,Baltoy,Ground,Psychic,https://img.pokemondb.net/sprites/bank/normal/baltoy.png
343,#344,Claydol,Ground,Psychic,https://img.pokemondb.net/sprites/bank/normal/claydol.png
344,#345,Lileep,Rock,Grass,https://img.pokemondb.net/sprites/bank/normal/lileep.png
345,#346,Cradily,Rock,Grass,https://img.pokemondb.net/sprites/bank/normal/cradily.png
346,#347,Anorith,Rock,Bug,https://img.pokemondb.net/sprites/bank/normal/anorith.png
347,#348,Armaldo,Rock,Bug,https://img.pokemondb.net/sprites/bank/normal/armaldo.png
348,#349,Feebas,Water,,https://img.pokemondb.net/sprites/bank/normal/feebas.png
349,#350,Milotic,Water,,https://img.pokemondb.net/sprites/bank/normal/milotic.png
350,#351,Castform,Normal,,https://img.pokemondb.net/sprites/bank/normal/castform.png
351,#352,Kecleon,Normal,,https://img.pokemondb.net/sprites/bank/normal/kecleon.png
352,#353,Shuppet,Ghost,,https://img.pokemondb.net/sprites/bank/normal/shuppet.png
353,#354,Banette,Ghost,,https://img.pokemondb.net/sprites/bank/normal/banette.png
354,#355,Duskull,Ghost,,https://img.pokemondb.net/sprites/bank/normal/duskull.png
355,#356,Dusclops,Ghost,,https://img.pokemondb.net/sprites/bank/normal/dusclops.png
356,#357,Tropius,Grass,Flying,https://img.pokemondb.net/sprites/bank/normal/tropius.png
357,#358,Chimecho,Psychic,,https://img.pokemondb.net/sprites/bank/normal/chimecho.png
358,#359,Absol,Dark,,https://img.pokemondb.net/sprites/bank/normal/absol.png
359,#360,Wynaut,Psychic,,https://img.pokemondb.net/sprites/bank/normal/wynaut.png
360,#361,Snorunt,Ice,,https://img.pokemondb.net/sprites/bank/normal/snorunt.png
361,#362,Glalie,Ice,,https://img.pokemondb.net/sprites/bank/normal/glalie.png
362,#363,Spheal,Ice,Water,https://img.pokemondb.net/sprites/bank/normal/spheal.png
363,#364,Sealeo,Ice,Water,https://img.pokemondb.net/sprites/bank/normal/sealeo.png
364,#365,Walrein,Ice,Water,https://img.pokemondb.net/sprites/bank/normal/walrein.png
365,#366,Clamperl,Water,,https://img.pokemondb.net/sprites/bank/normal/clamperl.png
366,#367,Huntail,Water,,https://img.pokemondb.net/sprites/bank/normal/huntail.png
367,#368,Gorebyss,Water,,https://img.pokemondb.net/sprites/bank/normal/gorebyss.png
368,#369,Relicanth,Water,Rock,https://img.pokemondb.net/sprites/bank/normal/relicanth.png
369,#370,Luvdisc,Water,,https://img.pokemondb.net/sprites/bank/normal/luvdisc.png
370,#371,Bagon,Dragon,,https://img.pokemondb.net/sprites/bank/normal/bagon.png
371,#372,Shelgon,Dragon,,https://img.pokemondb.net/sprites/bank/normal/shelgon.png
372,#373,Salamence,Dragon,Flying,https://img.pokemondb.net/sprites/bank/normal/salamence.png
373,#374,Beldum,Steel,Psychic,https://img.pokemondb.net/sprites/bank/normal/beldum.png
374,#375,Metang,Steel,Psychic,https://img.pokemondb.net/sprites/bank/normal/metang.png
375,#376,Metagross,Steel,Psychic,https://img.pokemondb.net/sprites/bank/normal/metagross.png
376,#377,Regirock,Rock,,https://img.pokemondb.net/sprites/bank/normal/regirock.png
377,#378,Regice,Ice,,https://img.pokemondb.net/sprites/bank/normal/regice.png
378,#379,Registeel,Steel,,https://img.pokemondb.net/sprites/bank/normal/registeel.png
379,#380,Latias,Dragon,Psychic,https://img.pokemondb.net/sprites/bank/normal/latias.png
380,#381,Latios,Dragon,Psychic,https://img.pokemondb.net/sprites/bank/normal/latios.png
381,#382,Kyogre,Water,,https://img.pokemondb.net/sprites/bank/normal/kyogre.png
382,#383,Groudon,Ground,,https://img.pokemondb.net/sprites/bank/normal/groudon.png
383,#384,Rayquaza,Dragon,Flying,https://img.pokemondb.net/sprites/bank/normal/rayquaza.png
384,#385,Jirachi,Steel,Psychic,https://img.pokemondb.net/sprites/bank/normal/jirachi.png
385,#386,Deoxys,Psychic,,https://img.pokemondb.net/sprites/bank/normal/deoxys.png
386,#387,Turtwig,Grass,,https://img.pokemondb.net/sprites/bank/normal/turtwig.png
387,#388,Grotle,Grass,,https://img.pokemondb.net/sprites/bank/normal/grotle.png
388,#389,Torterra,Grass,Ground,https://img.pokemondb.net/sprites/bank/normal/torterra.png
389,#390,Chimchar,Fire,,https://img.pokemondb.net/sprites/bank/normal/chimchar.png
390,#391,Monferno,Fire,Fighting,https://img.pokemondb.net/sprites/bank/normal/monferno.png
391,#392,Infernape,Fire,Fighting,https://img.pokemondb.net/sprites/bank/normal/infernape.png
392,#393,Piplup,Water,,https://img.pokemondb.net/sprites/bank/normal/piplup.png
393,#394,Prinplup,Water,,https://img.pokemondb.net/sprites/bank/normal/prinplup.png
394,#395,Empoleon,Water,Steel,https://img.pokemondb.net/sprites/bank/normal/empoleon.png
395,#396,Starly,Normal,Flying,https://img.pokemondb.net/sprites/bank/normal/starly.png
396,#397,Staravia,Normal,Flying,https://img.pokemondb.net/sprites/bank/normal/staravia.png
397,#398,Staraptor,Normal,Flying,https://img.pokemondb.net/sprites/bank/normal/staraptor.png
398,#399,Bidoof,Normal,,https://img.pokemondb.net/sprites/bank/normal/bidoof.png
399,#400,Bibarel,Normal,Water,https://img.pokemondb.net/sprites/bank/normal/bibarel.png
400,#401,Kricketot,Bug,,https://img.pokemondb.net/sprites/bank/normal/kricketot.png
401,#402,Kricketune,Bug,,https://img.pokemondb.net/sprites/bank/normal/kricketune.png
402,#403,Shinx,Electric,,https://img.pokemondb.net/sprites/bank/normal/shinx.png
403,#404,Luxio,Electric,,https://img.pokemondb.net/sprites/bank/normal/luxio.png
404,#405,Luxray,Electric,,https://img.pokemondb.net/sprites/bank/normal/luxray.png
405,#406,Budew,Grass,Poison,https://img.pokemondb.net/sprites/bank/normal/budew.png
406,#407,Roserade,Grass,Poison,https://img.pokemondb.net/sprites/bank/normal/roserade.png
407,#408,Cranidos,Rock,,https://img.pokemondb.net/sprites/bank/normal/cranidos.png
408,#409,Rampardos,Rock,,https://img.pokemondb.net/sprites/bank/normal/rampardos.png
409,#410,Shieldon,Rock,Steel,https://img.pokemondb.net/sprites/bank/normal/shieldon.png
410,#411,Bastiodon,Rock,Steel,https://img.pokemondb.net/sprites/bank/normal/bastiodon.png
411,#412,Burmy,Bug,,https://img.pokemondb.net/sprites/bank/normal/burmy.png
412,#413,Wormadam,Bug,Grass,https://img.pokemondb.net/sprites/bank/normal/wormadam.png
413,#414,Mothim,Bug,Flying,https://img.pokemondb.net/sprites/bank/normal/mothim.png
414,#415,Combee,Bug,Flying,https://img.pokemondb.net/sprites/bank/normal/combee.png
415,#416,Vespiquen,Bug,Flying,https://img.pokemondb.net/sprites/bank/normal/vespiquen.png
416,#417,Pachirisu,Electric,,https://img.pokemondb.net/sprites/bank/normal/pachirisu.png
417,#418,Buizel,Water,,https://img.pokemondb.net/sprites/bank/normal/buizel.png
418,#419,Floatzel,Water,,https://img.pokemondb.net/sprites/bank/normal/floatzel.png
419,#420,Cherubi,Grass,,https://img.pokemondb.net/sprites/bank/normal/cherubi.png
420,#421,Cherrim,Grass,,https://img.pokemondb.net/sprites/bank/normal/cherrim.png
421,#422,Shellos,Water,,https://img.pokemondb.net/sprites/bank/normal/shellos.png
422,#423,Gastrodon,Water,Ground,https://img.pokemondb.net/sprites/bank/normal/gastrodon.png
423,#424,Ambipom,Normal,,https://img.pokemondb.net/sprites/bank/normal/ambipom.png
424,#425,Drifloon,Ghost,Flying,https://img.pokemondb.net/sprites/bank/normal/drifloon.png
425,#426,Drifblim,Ghost,Flying,https://img.pokemondb.net/sprites/bank/normal/drifblim.png
426,#427,Buneary,Normal,,https://img.pokemondb.net/sprites/bank/normal/buneary.png
427,#428,Lopunny,Normal,,https://img.pokemondb.net/sprites/bank/normal/lopunny.png
428,#429,Mismagius,Ghost,,https://img.pokemondb.net/sprites/bank/normal/mismagius.png
429,#430,Honchkrow,Dark,Flying,https://img.pokemondb.net/sprites/bank/normal/honchkrow.png
430,#431,Glameow,Normal,,https://img.pokemondb.net/sprites/bank/normal/glameow.png
431,#432,Purugly,Normal,,https://img.pokemondb.net/sprites/bank/normal/purugly.png
432,#433,Chingling,Psychic,,https://img.pokemondb.net/sprites/bank/normal/chingling.png
433,#434,Stunky,Poison,Dark,https://img.pokemondb.net/sprites/bank/normal/stunky.png
434,#435,Skuntank,Poison,Dark,https://img.pokemondb.net/sprites/bank/normal/skuntank.png
435,#436,Bronzor,Steel,Psychic,https://img.pokemondb.net/sprites/bank/normal/bronzor.png
436,#437,Bronzong,Steel,Psychic,https://img.pokemondb.net/sprites/bank/normal/bronzong.png
437,#438,Bonsly,Rock,,https://img.pokemondb.net/sprites/bank/normal/bonsly.png
438,#439,Mime,Psychic,Fairy,https://img.pokemondb.net/sprites/bank/normal/mime-jr.png
439,#440,Happiny,Normal,,https://img.pokemondb.net/sprites/bank/normal/happiny.png
440,#441,Chatot,Normal,Flying,https://img.pokemondb.net/sprites/bank/normal/chatot.png
441,#442,Spiritomb,Ghost,Dark,https://img.pokemondb.net/sprites/bank/normal/spiritomb.png
442,#443,Gible,Dragon,Ground,https://img.pokemondb.net/sprites/bank/normal/gible.png
443,#444,Gabite,Dragon,Ground,https://img.pokemondb.net/sprites/bank/normal/gabite.png
444,#445,Garchomp,Dragon,Ground,https://img.pokemondb.net/sprites/bank/normal/garchomp.png
445,#446,Munchlax,Normal,,https://img.pokemondb.net/sprites/bank/normal/munchlax.png
446,#447,Riolu,Fighting,,https://img.pokemondb.net/sprites/bank/normal/riolu.png
447,#448,Lucario,Fighting,Steel,https://img.pokemondb.net/sprites/bank/normal/lucario.png
448,#449,Hippopotas,Ground,,https://img.pokemondb.net/sprites/bank/normal/hippopotas.png
449,#450,Hippowdon,Ground,,https://img.pokemondb.net/sprites/bank/normal/hippowdon.png
450,#451,Skorupi,Poison,Bug,https://img.pokemondb.net/sprites/bank/normal/skorupi.png
451,#452,Drapion,Poison,Dark,https://img.pokemondb.net/sprites/bank/normal/drapion.png
452,#453,Croagunk,Poison,Fighting,https://img.pokemondb.net/sprites/bank/normal/croagunk.png
453,#454,Toxicroak,Poison,Fighting,https://img.pokemondb.net/sprites/bank/normal/toxicroak.png
454,#455,Carnivine,Grass,,https://img.pokemondb.net/sprites/bank/normal/carnivine.png
455,#456,Finneon,Water,,https://img.pokemondb.net/sprites/bank/normal/finneon.png
456,#457,Lumineon,Water,,https://img.pokemondb.net/sprites/bank/normal/lumineon.png
457,#458,Mantyke,Water,Flying,https://img.pokemondb.net/sprites/bank/normal/mantyke.png
458,#459,Snover,Grass,Ice,https://img.pokemondb.net/sprites/bank/normal/snover.png
459,#460,Abomasnow,Grass,Ice,https://img.pokemondb.net/sprites/bank/normal/abomasnow.png
460,#461,Weavile,Dark,Ice,https://img.pokemondb.net/sprites/bank/normal/weavile.png
461,#462,Magnezone,Electric,Steel,https://img.pokemondb.net/sprites/bank/normal/magnezone.png
462,#463,Lickilicky,Normal,,https://img.pokemondb.net/sprites/bank/normal/lickilicky.png
463,#464,Rhyperior,Ground,Rock,https://img.pokemondb.net/sprites/bank/normal/rhyperior.png
464,#465,Tangrowth,Grass,,https://img.pokemondb.net/sprites/bank/normal/tangrowth.png
465,#466,Electivire,Electric,,https://img.pokemondb.net/sprites/bank/normal/electivire.png
466,#467,Magmortar,Fire,,https://img.pokemondb.net/sprites/bank/normal/magmortar.png
467,#468,Togekiss,Fairy,Flying,https://img.pokemondb.net/sprites/bank/normal/togekiss.png
468,#469,Yanmega,Bug,Flying,https://img.pokemondb.net/sprites/bank/normal/yanmega.png
469,#470,Leafeon,Grass,,https://img.pokemondb.net/sprites/bank/normal/leafeon.png
470,#471,Glaceon,Ice,,https://img.pokemondb.net/sprites/bank/normal/glaceon.png
471,#472,Gliscor,Ground,Flying,https://img.pokemondb.net/sprites/bank/normal/gliscor.png
472,#473,Mamoswine,Ice,Ground,https://img.pokemondb.net/sprites/bank/normal/mamoswine.png
473,#474,Porygon-Z,Normal,,https://img.pokemondb.net/sprites/bank/normal/porygon-z.png
474,#475,Gallade,Psychic,Fighting,https://img.pokemondb.net/sprites/bank/normal/gallade.png
475,#476,Probopass,Rock,Steel,https://img.pokemondb.net/sprites/bank/normal/probopass.png
476,#477,Dusknoir,Ghost,,https://img.pokemondb.net/sprites/bank/normal/dusknoir.png
477,#478,Froslass,Ice,Ghost,https://img.pokemondb.net/sprites/bank/normal/froslass.png
478,#479,Rotom,Electric,Ghost,https://img.pokemondb.net/sprites/bank/normal/rotom.png
479,#480,Uxie,Psychic,,https://img.pokemondb.net/sprites/bank/normal/uxie.png
480,#481,Mesprit,Psychic,,https://img.pokemondb.net/sprites/bank/normal/mesprit.png
481,#482,Azelf,Psychic,,https://img.pokemondb.net/sprites/bank/normal/azelf.png
482,#483,Dialga,Steel,Dragon,https://img.pokemondb.net/sprites/bank/normal/dialga.png
483,#484,Palkia,Water,Dragon,https://img.pokemondb.net/sprites/bank/normal/palkia.png
484,#485,Heatran,Fire,Steel,https://img.pokemondb.net/sprites/bank/normal/heatran.png
485,#486,Regigigas,Normal,,https://img.pokemondb.net/sprites/bank/normal/regigigas.png
486,#487,Giratina,Ghost,Dragon,https://img.pokemondb.net/sprites/bank/normal/giratina.png
487,#488,Cresselia,Psychic,,https://img.pokemondb.net/sprites/bank/normal/cresselia.png
488,#489,Phione,Water,,https://img.pokemondb.net/sprites/bank/normal/phione.png
489,#490,Manaphy,Water,,https://img.pokemondb.net/sprites/bank/normal/manaphy.png
490,#491,Darkrai,Dark,,https://img.pokemondb.net/sprites/bank/normal/darkrai.png
491,#492,Shaymin,Grass,,https://img.pokemondb.net/sprites/bank/normal/shaymin.png
492,#493,Arceus,Normal,,https://img.pokemondb.net/sprites/bank/normal/arceus.png
493,#494,Victini,Psychic,Fire,https://img.pokemondb.net/sprites/bank/normal/victini.png
494,#495,Snivy,Grass,,https://img.pokemondb.net/sprites/bank/normal/snivy.png
495,#496,Servine,Grass,,https://img.pokemondb.net/sprites/bank/normal/servine.png
496,#497,Serperior,Grass,,https://img.pokemondb.net/sprites/bank/normal/serperior.png
497,#498,Tepig,Fire,,https://img.pokemondb.net/sprites/bank/normal/tepig.png
498,#499,Pignite,Fire,Fighting,https://img.pokemondb.net/sprites/bank/normal/pignite.png
499,#500,Emboar,Fire,Fighting,https://img.pokemondb.net/sprites/bank/normal/emboar.png
500,#501,Oshawott,Water,,https://img.pokemondb.net/sprites/bank/normal/oshawott.png
501,#502,Dewott,Water,,https://img.pokemondb.net/sprites/bank/normal/dewott.png
502,#503,Samurott,Water,,https://img.pokemondb.net/sprites/bank/normal/samurott.png
503,#504,Patrat,Normal,,https://img.pokemondb.net/sprites/bank/normal/patrat.png
504,#505,Watchog,Normal,,https://img.pokemondb.net/sprites/bank/normal/watchog.png
505,#506,Lillipup,Normal,,https://img.pokemondb.net/sprites/bank/normal/lillipup.png
506,#507,Herdier,Normal,,https://img.pokemondb.net/sprites/bank/normal/herdier.png
507,#508,Stoutland,Normal,,https://img.pokemondb.net/sprites/bank/normal/stoutland.png
508,#509,Purrloin,Dark,,https://img.pokemondb.net/sprites/bank/normal/purrloin.png
509,#510,Liepard,Dark,,https://img.pokemondb.net/sprites/bank/normal/liepard.png
510,#511,Pansage,Grass,,https://img.pokemondb.net/sprites/bank/normal/pansage.png
511,#512,Simisage,Grass,,https://img.pokemondb.net/sprites/bank/normal/simisage.png
512,#513,Pansear,Fire,,https://img.pokemondb.net/sprites/bank/normal/pansear.png
513,#514,Simisear,Fire,,https://img.pokemondb.net/sprites/bank/normal/simisear.png
514,#515,Panpour,Water,,https://img.pokemondb.net/sprites/bank/normal/panpour.png
515,#516,Simipour,Water,,https://img.pokemondb.net/sprites/bank/normal/simipour.png
516,#517,Munna,Psychic,,https://img.pokemondb.net/sprites/bank/normal/munna.png
517,#518,Musharna,Psychic,,https://img.pokemondb.net/sprites/bank/normal/musharna.png
518,#519,Pidove,Normal,Flying,https://img.pokemondb.net/sprites/bank/normal/pidove.png
519,#520,Tranquill,Normal,Flying,https://img.pokemondb.net/sprites/bank/normal/tranquill.png
520,#521,Unfezant,Normal,Flying,https://img.pokemondb.net/sprites/bank/normal/unfezant.png
521,#522,Blitzle,Electric,,https://img.pokemondb.net/sprites/bank/normal/blitzle.png
522,#523,Zebstrika,Electric,,https://img.pokemondb.net/sprites/bank/normal/zebstrika.png
523,#524,Roggenrola,Rock,,https://img.pokemondb.net/sprites/bank/normal/roggenrola.png
524,#525,Boldore,Rock,,https://img.pokemondb.net/sprites/bank/normal/boldore.png
525,#526,Gigalith,Rock,,https://img.pokemondb.net/sprites/bank/normal/gigalith.png
526,#527,Woobat,Psychic,Flying,https://img.pokemondb.net/sprites/bank/normal/woobat.png
527,#528,Swoobat,Psychic,Flying,https://img.pokemondb.net/sprites/bank/normal/swoobat.png
528,#529,Drilbur,Ground,,https://img.pokemondb.net/sprites/bank/normal/drilbur.png
529,#530,Excadrill,Ground,Steel,https://img.pokemondb.net/sprites/bank/normal/excadrill.png
530,#531,Audino,Normal,,https://img.pokemondb.net/sprites/bank/normal/audino.png
531,#532,Timburr,Fighting,,https://img.pokemondb.net/sprites/bank/normal/timburr.png
532,#533,Gurdurr,Fighting,,https://img.pokemondb.net/sprites/bank/normal/gurdurr.png
533,#534,Conkeldurr,Fighting,,https://img.pokemondb.net/sprites/bank/normal/conkeldurr.png
534,#535,Tympole,Water,,https://img.pokemondb.net/sprites/bank/normal/tympole.png
535,#536,Palpitoad,Water,Ground,https://img.pokemondb.net/sprites/bank/normal/palpitoad.png
536,#537,Seismitoad,Water,Ground,https://img.pokemondb.net/sprites/bank/normal/seismitoad.png
537,#538,Throh,Fighting,,https://img.pokemondb.net/sprites/bank/normal/throh.png
538,#539,Sawk,Fighting,,https://img.pokemondb.net/sprites/bank/normal/sawk.png
539,#540,Sewaddle,Bug,Grass,https://img.pokemondb.net/sprites/bank/normal/sewaddle.png
540,#541,Swadloon,Bug,Grass,https://img.pokemondb.net/sprites/bank/normal/swadloon.png
541,#542,Leavanny,Bug,Grass,https://img.pokemondb.net/sprites/bank/normal/leavanny.png
542,#543,Venipede,Bug,Poison,https://img.pokemondb.net/sprites/bank/normal/venipede.png
543,#544,Whirlipede,Bug,Poison,https://img.pokemondb.net/sprites/bank/normal/whirlipede.png
544,#545,Scolipede,Bug,Poison,https://img.pokemondb.net/sprites/bank/normal/scolipede.png
545,#546,Cottonee,Grass,Fairy,https://img.pokemondb.net/sprites/bank/normal/cottonee.png
546,#547,Whimsicott,Grass,Fairy,https://img.pokemondb.net/sprites/bank/normal/whimsicott.png
547,#548,Petilil,Grass,,https://img.pokemondb.net/sprites/bank/normal/petilil.png
548,#549,Lilligant,Grass,,https://img.pokemondb.net/sprites/bank/normal/lilligant.png
549,#550,Basculin,Water,,https://img.pokemondb.net/sprites/bank/normal/basculin.png
550,#551,Sandile,Ground,Dark,https://img.pokemondb.net/sprites/bank/normal/sandile.png
551,#552,Krokorok,Ground,Dark,https://img.pokemondb.net/sprites/bank/normal/krokorok.png
552,#553,Krookodile,Ground,Dark,https://img.pokemondb.net/sprites/bank/normal/krookodile.png
553,#554,Darumaka,Fire,,https://img.pokemondb.net/sprites/bank/normal/darumaka.png
554,#555,Darmanitan,Fire,,https://img.pokemondb.net/sprites/bank/normal/darmanitan.png
555,#556,Maractus,Grass,,https://img.pokemondb.net/sprites/bank/normal/maractus.png
556,#557,Dwebble,Bug,Rock,https://img.pokemondb.net/sprites/bank/normal/dwebble.png
557,#558,Crustle,Bug,Rock,https://img.pokemondb.net/sprites/bank/normal/crustle.png
558,#559,Scraggy,Dark,Fighting,https://img.pokemondb.net/sprites/bank/normal/scraggy.png
559,#560,Scrafty,Dark,Fighting,https://img.pokemondb.net/sprites/bank/normal/scrafty.png
560,#561,Sigilyph,Psychic,Flying,https://img.pokemondb.net/sprites/bank/normal/sigilyph.png
561,#562,Yamask,Ghost,,https://img.pokemondb.net/sprites/bank/normal/yamask.png
562,#563,Cofagrigus,Ghost,,https://img.pokemondb.net/sprites/bank/normal/cofagrigus.png
563,#564,Tirtouga,Water,Rock,https://img.pokemondb.net/sprites/bank/normal/tirtouga.png
564,#565,Carracosta,Water,Rock,https://img.pokemondb.net/sprites/bank/normal/carracosta.png
565,#566,Archen,Rock,Flying,https://img.pokemondb.net/sprites/bank/normal/archen.png
566,#567,Archeops,Rock,Flying,https://img.pokemondb.net/sprites/bank/normal/archeops.png
567,#568,Trubbish,Poison,,https://img.pokemondb.net/sprites/bank/normal/trubbish.png
568,#569,Garbodor,Poison,,https://img.pokemondb.net/sprites/bank/normal/garbodor.png
569,#570,Zorua,Dark,,https://img.pokemondb.net/sprites/bank/normal/zorua.png
570,#571,Zoroark,Dark,,https://img.pokemondb.net/sprites/bank/normal/zoroark.png
571,#572,Minccino,Normal,,https://img.pokemondb.net/sprites/bank/normal/minccino.png
572,#573,Cinccino,Normal,,https://img.pokemondb.net/sprites/bank/normal/cinccino.png
573,#574,Gothita,Psychic,,https://img.pokemondb.net/sprites/bank/normal/gothita.png
574,#575,Gothorita,Psychic,,https://img.pokemondb.net/sprites/bank/normal/gothorita.png
575,#576,Gothitelle,Psychic,,https://img.pokemondb.net/sprites/bank/normal/gothitelle.png
576,#577,Solosis,Psychic,,https://img.pokemondb.net/sprites/bank/normal/solosis.png
577,#578,Duosion,Psychic,,https://img.pokemondb.net/sprites/bank/normal/duosion.png
578,#579,Reuniclus,Psychic,,https://img.pokemondb.net/sprites/bank/normal/reuniclus.png
579,#580,Ducklett,Water,Flying,https://img.pokemondb.net/sprites/bank/normal/ducklett.png
580,#581,Swanna,Water,Flying,https://img.pokemondb.net/sprites/bank/normal/swanna.png
581,#582,Vanillite,Ice,,https://img.pokemondb.net/sprites/bank/normal/vanillite.png
582,#583,Vanillish,Ice,,https://img.pokemondb.net/sprites/bank/normal/vanillish.png
583,#584,Vanilluxe,Ice,,https://img.pokemondb.net/sprites/bank/normal/vanilluxe.png
584,#585,Deerling,Normal,Grass,https://img.pokemondb.net/sprites/bank/normal/deerling.png
585,#586,Sawsbuck,Normal,Grass,https://img.pokemondb.net/sprites/bank/normal/sawsbuck.png
586,#587,Emolga,Electric,Flying,https://img.pokemondb.net/sprites/bank/normal/emolga.png
587,#588,Karrablast,Bug,,https://img.pokemondb.net/sprites/bank/normal/karrablast.png
588,#589,Escavalier,Bug,Steel,https://img.pokemondb.net/sprites/bank/normal/escavalier.png
589,#590,Foongus,Grass,Poison,https://img.pokemondb.net/sprites/bank/normal/foongus.png
590,#591,Amoonguss,Grass,Poison,https://img.pokemondb.net/sprites/bank/normal/amoonguss.png
591,#592,Frillish,Water,Ghost,https://img.pokemondb.net/sprites/bank/normal/frillish.png
592,#593,Jellicent,Water,Ghost,https://img.pokemondb.net/sprites/bank/normal/jellicent.png
593,#594,Alomomola,Water,,https://img.pokemondb.net/sprites/bank/normal/alomomola.png
594,#595,Joltik,Bug,Electric,https://img.pokemondb.net/sprites/bank/normal/joltik.png
595,#596,Galvantula,Bug,Electric,https://img.pokemondb.net/sprites/bank/normal/galvantula.png
596,#597,Ferroseed,Grass,Steel,https://img.pokemondb.net/sprites/bank/normal/ferroseed.png
597,#598,Ferrothorn,Grass,Steel,https://img.pokemondb.net/sprites/bank/normal/ferrothorn.png
598,#599,Klink,Steel,,https://img.pokemondb.net/sprites/bank/normal/klink.png
599,#600,Klang,Steel,,https://img.pokemondb.net/sprites/bank/normal/klang.png
600,#601,Klinklang,Steel,,https://img.pokemondb.net/sprites/bank/normal/klinklang.png
601,#602,Tynamo,Electric,,https://img.pokemondb.net/sprites/bank/normal/tynamo.png
602,#603,Eelektrik,Electric,,https://img.pokemondb.net/sprites/bank/normal/eelektrik.png
603,#604,Eelektross,Electric,,https://img.pokemondb.net/sprites/bank/normal/eelektross.png
604,#605,Elgyem,Psychic,,https://img.pokemondb.net/sprites/bank/normal/elgyem.png
605,#606,Beheeyem,Psychic,,https://img.pokemondb.net/sprites/bank/normal/beheeyem.png
606,#607,Litwick,Ghost,Fire,https://img.pokemondb.net/sprites/bank/normal/litwick.png
607,#608,Lampent,Ghost,Fire,https://img.pokemondb.net/sprites/bank/normal/lampent.png
608,#609,Chandelure,Ghost,Fire,https://img.pokemondb.net/sprites/bank/normal/chandelure.png
609,#610,Axew,Dragon,,https://img.pokemondb.net/sprites/bank/normal/axew.png
610,#611,Fraxure,Dragon,,https://img.pokemondb.net/sprites/bank/normal/fraxure.png
611,#612,Haxorus,Dragon,,https://img.pokemondb.net/sprites/bank/normal/haxorus.png
612,#613,Cubchoo,Ice,,https://img.pokemondb.net/sprites/bank/normal/cubchoo.png
613,#614,Beartic,Ice,,https://img.pokemondb.net/sprites/bank/normal/beartic.png
614,#615,Cryogonal,Ice,,https://img.pokemondb.net/sprites/bank/normal/cryogonal.png
615,#616,Shelmet,Bug,,https://img.pokemondb.net/sprites/bank/normal/shelmet.png
616,#617,Accelgor,Bug,,https://img.pokemondb.net/sprites/bank/normal/accelgor.png
617,#618,Stunfisk,Ground,Electric,https://img.pokemondb.net/sprites/bank/normal/stunfisk.png
618,#619,Mienfoo,Fighting,,https://img.pokemondb.net/sprites/bank/normal/mienfoo.png
619,#620,Mienshao,Fighting,,https://img.pokemondb.net/sprites/bank/normal/mienshao.png
620,#621,Druddigon,Dragon,,https://img.pokemondb.net/sprites/bank/normal/druddigon.png
621,#622,Golett,Ground,Ghost,https://img.pokemondb.net/sprites/bank/normal/golett.png
622,#623,Golurk,Ground,Ghost,https://img.pokemondb.net/sprites/bank/normal/golurk.png
623,#624,Pawniard,Dark,Steel,https://img.pokemondb.net/sprites/bank/normal/pawniard.png
624,#625,Bisharp,Dark,Steel,https://img.pokemondb.net/sprites/bank/normal/bisharp.png
625,#626,Bouffalant,Normal,,https://img.pokemondb.net/sprites/bank/normal/bouffalant.png
626,#627,Rufflet,Normal,Flying,https://img.pokemondb.net/sprites/bank/normal/rufflet.png
627,#628,Braviary,Normal,Flying,https://img.pokemondb.net/sprites/bank/normal/braviary.png
628,#629,Vullaby,Dark,Flying,https://img.pokemondb.net/sprites/bank/normal/vullaby.png
629,#630,Mandibuzz,Dark,Flying,https://img.pokemondb.net/sprites/bank/normal/mandibuzz.png
630,#631,Heatmor,Fire,,https://img.pokemondb.net/sprites/bank/normal/heatmor.png
631,#632,Durant,Bug,Steel,https://img.pokemondb.net/sprites/bank/normal/durant.png
632,#633,Deino,Dark,Dragon,https://img.pokemondb.net/sprites/bank/normal/deino.png
633,#634,Zweilous,Dark,Dragon,https://img.pokemondb.net/sprites/bank/normal/zweilous.png
634,#635,Hydreigon,Dark,Dragon,https://img.pokemondb.net/sprites/bank/normal/hydreigon.png
635,#636,Larvesta,Bug,Fire,https://img.pokemondb.net/sprites/bank/normal/larvesta.png
636,#637,Volcarona,Bug,Fire,https://img.pokemondb.net/sprites/bank/normal/volcarona.png
637,#638,Cobalion,Steel,Fighting,https://img.pokemondb.net/sprites/bank/normal/cobalion.png
638,#639,Terrakion,Rock,Fighting,https://img.pokemondb.net/sprites/bank/normal/terrakion.png
639,#640,Virizion,Grass,Fighting,https://img.pokemondb.net/sprites/bank/normal/virizion.png
640,#641,Tornadus,Flying,,https://img.pokemondb.net/sprites/bank/normal/tornadus.png
641,#642,Thundurus,Electric,Flying,https://img.pokemondb.net/sprites/bank/normal/thundurus.png
642,#643,Reshiram,Dragon,Fire,https://img.pokemondb.net/sprites/bank/normal/reshiram.png
643,#644,Zekrom,Dragon,Electric,https://img.pokemondb.net/sprites/bank/normal/zekrom.png
644,#645,Landorus,Ground,Flying,https://img.pokemondb.net/sprites/bank/normal/landorus.png
645,#646,Kyurem,Dragon,Ice,https://img.pokemondb.net/sprites/bank/normal/kyurem.png
646,#647,Keldeo,Water,Fighting,https://img.pokemondb.net/sprites/bank/normal/keldeo.png
647,#648,Meloetta,Normal,Psychic,https://img.pokemondb.net/sprites/bank/normal/meloetta.png
648,#649,Genesect,Bug,Steel,https://img.pokemondb.net/sprites/bank/normal/genesect.png
649,#650,Chespin,Grass,,https://img.pokemondb.net/sprites/bank/normal/chespin.png
650,#651,Quilladin,Grass,,https://img.pokemondb.net/sprites/bank/normal/quilladin.png
651,#652,Chesnaught,Grass,Fighting,https://img.pokemondb.net/sprites/bank/normal/chesnaught.png
652,#653,Fennekin,Fire,,https://img.pokemondb.net/sprites/bank/normal/fennekin.png
653,#654,Braixen,Fire,,https://img.pokemondb.net/sprites/bank/normal/braixen.png
654,#655,Delphox,Fire,Psychic,https://img.pokemondb.net/sprites/bank/normal/delphox.png
655,#656,Froakie,Water,,https://img.pokemondb.net/sprites/bank/normal/froakie.png
656,#657,Frogadier,Water,,https://img.pokemondb.net/sprites/bank/normal/frogadier.png
657,#658,Greninja,Water,Dark,https://img.pokemondb.net/sprites/bank/normal/greninja.png
658,#659,Bunnelby,Normal,,https://img.pokemondb.net/sprites/bank/normal/bunnelby.png
659,#660,Diggersby,Normal,Ground,https://img.pokemondb.net/sprites/bank/normal/diggersby.png
660,#661,Fletchling,Normal,Flying,https://img.pokemondb.net/sprites/bank/normal/fletchling.png
661,#662,Fletchinder,Fire,Flying,https://img.pokemondb.net/sprites/bank/normal/fletchinder.png
662,#663,Talonflame,Fire,Flying,https://img.pokemondb.net/sprites/bank/normal/talonflame.png
663,#664,Scatterbug,Bug,,https://img.pokemondb.net/sprites/bank/normal/scatterbug.png
664,#665,Spewpa,Bug,,https://img.pokemondb.net/sprites/bank/normal/spewpa.png
665,#666,Vivillon,Bug,Flying,https://img.pokemondb.net/sprites/bank/normal/vivillon.png
666,#667,Litleo,Fire,Normal,https://img.pokemondb.net/sprites/bank/normal/litleo.png
667,#668,Pyroar,Fire,Normal,https://img.pokemondb.net/sprites/bank/normal/pyroar.png
668,#669,Flabébé,Fairy,,https://img.pokemondb.net/sprites/bank/normal/flabebe.png
669,#670,Floette,Fairy,,https://img.pokemondb.net/sprites/bank/normal/floette.png
670,#671,Florges,Fairy,,https://img.pokemondb.net/sprites/bank/normal/florges.png
671,#672,Skiddo,Grass,,https://img.pokemondb.net/sprites/bank/normal/skiddo.png
672,#673,Gogoat,Grass,,https://img.pokemondb.net/sprites/bank/normal/gogoat.png
673,#674,Pancham,Fighting,,https://img.pokemondb.net/sprites/bank/normal/pancham.png
674,#675,Pangoro,Fighting,Dark,https://img.pokemondb.net/sprites/bank/normal/pangoro.png
675,#676,Furfrou,Normal,,https://img.pokemondb.net/sprites/bank/normal/furfrou.png
676,#677,Espurr,Psychic,,https://img.pokemondb.net/sprites/bank/normal/espurr.png
677,#678,Meowstic,Psychic,,https://img.pokemondb.net/sprites/bank/normal/meowstic.png
678,#679,Honedge,Steel,Ghost,https://img.pokemondb.net/sprites/bank/normal/honedge.png
679,#680,Doublade,Steel,Ghost,https://img.pokemondb.net/sprites/bank/normal/doublade.png
680,#681,Aegislash,Steel,Ghost,https://img.pokemondb.net/sprites/bank/normal/aegislash.png
681,#682,Spritzee,Fairy,,https://img.pokemondb.net/sprites/bank/normal/spritzee.png
682,#683,Aromatisse,Fairy,,https://img.pokemondb.net/sprites/bank/normal/aromatisse.png
683,#684,Swirlix,Fairy,,https://img.pokemondb.net/sprites/bank/normal/swirlix.png
684,#685,Slurpuff,Fairy,,https://img.pokemondb.net/sprites/bank/normal/slurpuff.png
685,#686,Inkay,Dark,Psychic,https://img.pokemondb.net/sprites/bank/normal/inkay.png
686,#687,Malamar,Dark,Psychic,https://img.pokemondb.net/sprites/bank/normal/malamar.png
687,#688,Binacle,Rock,Water,https://img.pokemondb.net/sprites/bank/normal/binacle.png
688,#689,Barbaracle,Rock,Water,https://img.pokemondb.net/sprites/bank/normal/barbaracle.png
689,#690,Skrelp,Poison,Water,https://img.pokemondb.net/sprites/bank/normal/skrelp.png
690,#691,Dragalge,Poison,Dragon,https://img.pokemondb.net/sprites/bank/normal/dragalge.png
691,#692,Clauncher,Water,,https://img.pokemondb.net/sprites/bank/normal/clauncher.png
692,#693,Clawitzer,Water,,https://img.pokemondb.net/sprites/bank/normal/clawitzer.png
693,#694,Helioptile,Electric,Normal,https://img.pokemondb.net/sprites/bank/normal/helioptile.png
694,#695,Heliolisk,Electric,Normal,https://img.pokemondb.net/sprites/bank/normal/heliolisk.png
695,#696,Tyrunt,Rock,Dragon,https://img.pokemondb.net/sprites/bank/normal/tyrunt.png
696,#697,Tyrantrum,Rock,Dragon,https://img.pokemondb.net/sprites/bank/normal/tyrantrum.png
697,#698,Amaura,Rock,Ice,https://img.pokemondb.net/sprites/bank/normal/amaura.png
698,#699,Aurorus,Rock,Ice,https://img.pokemondb.net/sprites/bank/normal/aurorus.png
699,#700,Sylveon,Fairy,,https://img.pokemondb.net/sprites/bank/normal/sylveon.png
700,#701,Hawlucha,Fighting,Flying,https://img.pokemondb.net/sprites/bank/normal/hawlucha.png
701,#702,Dedenne,Electric,Fairy,https://img.pokemondb.net/sprites/bank/normal/dedenne.png
702,#703,Carbink,Rock,Fairy,https://img.pokemondb.net/sprites/bank/normal/carbink.png
703,#704,Goomy,Dragon,,https://img.pokemondb.net/sprites/bank/normal/goomy.png
704,#705,Sliggoo,Dragon,,https://img.pokemondb.net/sprites/bank/normal/sliggoo.png
705,#706,Goodra,Dragon,,https://img.pokemondb.net/sprites/bank/normal/goodra.png
706,#707,Klefki,Steel,Fairy,https://img.pokemondb.net/sprites/bank/normal/klefki.png
707,#708,Phantump,Ghost,Grass,https://img.pokemondb.net/sprites/bank/normal/phantump.png
708,#709,Trevenant,Ghost,Grass,https://img.pokemondb.net/sprites/bank/normal/trevenant.png
709,#710,Pumpkaboo,Ghost,Grass,https://img.pokemondb.net/sprites/bank/normal/pumpkaboo.png
710,#711,Gourgeist,Ghost,Grass,https://img.pokemondb.net/sprites/bank/normal/gourgeist.png
711,#712,Bergmite,Ice,,https://img.pokemondb.net/sprites/bank/normal/bergmite.png
712,#713,Avalugg,Ice,,https://img.pokemondb.net/sprites/bank/normal/avalugg.png
713,#714,Noibat,Flying,Dragon,https://img.pokemondb.net/sprites/bank/normal/noibat.png
714,#715,Noivern,Flying,Dragon,https://img.pokemondb.net/sprites/bank/normal/noivern.png
715,#716,Xerneas,Fairy,,https://img.pokemondb.net/sprites/bank/normal/xerneas.png
716,#717,Yveltal,Dark,Flying,https://img.pokemondb.net/sprites/bank/normal/yveltal.png
717,#718,Zygarde,Dragon,Ground,https://img.pokemondb.net/sprites/bank/normal/zygarde.png
718,#719,Diancie,Rock,Fairy,https://img.pokemondb.net/sprites/bank/normal/diancie.png
719,#720,Hoopa,Psychic,Ghost,https://img.pokemondb.net/sprites/bank/normal/hoopa.png
720,#721,Volcanion,Fire,Water,https://img.pokemondb.net/sprites/bank/normal/volcanion.png
721,#722,Rowlet,Grass,Flying,https://img.pokemondb.net/sprites/bank/normal/rowlet.png
722,#723,Dartrix,Grass,Flying,https://img.pokemondb.net/sprites/bank/normal/dartrix.png
723,#724,Decidueye,Grass,Ghost,https://img.pokemondb.net/sprites/bank/normal/decidueye.png
724,#725,Litten,Fire,,https://img.pokemondb.net/sprites/bank/normal/litten.png
725,#726,Torracat,Fire,,https://img.pokemondb.net/sprites/bank/normal/torracat.png
726,#727,Incineroar,Fire,Dark,https://img.pokemondb.net/sprites/bank/normal/incineroar.png
727,#728,Popplio,Water,,https://img.pokemondb.net/sprites/bank/normal/popplio.png
728,#729,Brionne,Water,,https://img.pokemondb.net/sprites/bank/normal/brionne.png
729,#730,Primarina,Water,Fairy,https://img.pokemondb.net/sprites/bank/normal/primarina.png
730,#731,Pikipek,Normal,Flying,https://img.pokemondb.net/sprites/bank/normal/pikipek.png
731,#732,Trumbeak,Normal,Flying,https://img.pokemondb.net/sprites/bank/normal/trumbeak.png
732,#733,Toucannon,Normal,Flying,https://img.pokemondb.net/sprites/bank/normal/toucannon.png
733,#734,Yungoos,Normal,,https://img.pokemondb.net/sprites/bank/normal/yungoos.png
734,#735,Gumshoos,Normal,,https://img.pokemondb.net/sprites/bank/normal/gumshoos.png
735,#736,Grubbin,Bug,,https://img.pokemondb.net/sprites/bank/normal/grubbin.png
736,#737,Charjabug,Bug,Electric,https://img.pokemondb.net/sprites/bank/normal/charjabug.png
737,#738,Vikavolt,Bug,Electric,https://img.pokemondb.net/sprites/bank/normal/vikavolt.png
738,#739,Crabrawler,Fighting,,https://img.pokemondb.net/sprites/bank/normal/crabrawler.png
739,#740,Crabominable,Fighting,Ice,https://img.pokemondb.net/sprites/bank/normal/crabominable.png
740,#741,Oricorio,Fire,Flying,https://img.pokemondb.net/sprites/bank/normal/oricorio.png
741,#742,Cutiefly,Bug,Fairy,https://img.pokemondb.net/sprites/bank/normal/cutiefly.png
742,#743,Ribombee,Bug,Fairy,https://img.pokemondb.net/sprites/bank/normal/ribombee.png
743,#744,Rockruff,Rock,,https://img.pokemondb.net/sprites/bank/normal/rockruff.png
744,#745,Lycanroc,Rock,,https://img.pokemondb.net/sprites/bank/normal/lycanroc.png
745,#746,Wishiwashi,Water,,https://img.pokemondb.net/sprites/bank/normal/wishiwashi.png
746,#747,Mareanie,Poison,Water,https://img.pokemondb.net/sprites/bank/normal/mareanie.png
747,#748,Toxapex,Poison,Water,https://img.pokemondb.net/sprites/bank/normal/toxapex.png
748,#749,Mudbray,Ground,,https://img.pokemondb.net/sprites/bank/normal/mudbray.png
749,#750,Mudsdale,Ground,,https://img.pokemondb.net/sprites/bank/normal/mudsdale.png
750,#751,Dewpider,Water,Bug,https://img.pokemondb.net/sprites/bank/normal/dewpider.png
751,#752,Araquanid,Water,Bug,https://img.pokemondb.net/sprites/bank/normal/araquanid.png
752,#753,Fomantis,Grass,,https://img.pokemondb.net/sprites/bank/normal/fomantis.png
753,#754,Lurantis,Grass,,https://img.pokemondb.net/sprites/bank/normal/lurantis.png
754,#755,Morelull,Grass,Fairy,https://img.pokemondb.net/sprites/bank/normal/morelull.png
755,#756,Shiinotic,Grass,Fairy,https://img.pokemondb.net/sprites/bank/normal/shiinotic.png
756,#757,Salandit,Poison,Fire,https://img.pokemondb.net/sprites/bank/normal/salandit.png
757,#758,Salazzle,Poison,Fire,https://img.pokemondb.net/sprites/bank/normal/salazzle.png
758,#759,Stufful,Normal,Fighting,https://img.pokemondb.net/sprites/bank/normal/stufful.png
759,#760,Bewear,Normal,Fighting,https://img.pokemondb.net/sprites/bank/normal/bewear.png
760,#761,Bounsweet,Grass,,https://img.pokemondb.net/sprites/bank/normal/bounsweet.png
761,#762,Steenee,Grass,,https://img.pokemondb.net/sprites/bank/normal/steenee.png
762,#763,Tsareena,Grass,,https://img.pokemondb.net/sprites/bank/normal/tsareena.png
763,#764,Comfey,Fairy,,https://img.pokemondb.net/sprites/bank/normal/comfey.png
764,#765,Oranguru,Normal,Psychic,https://img.pokemondb.net/sprites/bank/normal/oranguru.png
765,#766,Passimian,Fighting,,https://img.pokemondb.net/sprites/bank/normal/passimian.png
766,#767,Wimpod,Bug,Water,https://img.pokemondb.net/sprites/bank/normal/wimpod.png
767,#768,Golisopod,Bug,Water,https://img.pokemondb.net/sprites/bank/normal/golisopod.png
768,#769,Sandygast,Ghost,Ground,https://img.pokemondb.net/sprites/bank/normal/sandygast.png
769,#770,Palossand,Ghost,Ground,https://img.pokemondb.net/sprites/bank/normal/palossand.png
770,#771,Pyukumuku,Water,,https://img.pokemondb.net/sprites/bank/normal/pyukumuku.png
771,#772,Type:,Normal,,https://img.pokemondb.net/sprites/bank/normal/type-null.png
772,#773,Silvally,Normal,,https://img.pokemondb.net/sprites/bank/normal/silvally.png
773,#774,Minior,Rock,Flying,https://img.pokemondb.net/sprites/bank/normal/minior.png
774,#775,Komala,Normal,,https://img.pokemondb.net/sprites/bank/normal/komala.png
775,#776,Turtonator,Fire,Dragon,https://img.pokemondb.net/sprites/bank/normal/turtonator.png
776,#777,Togedemaru,Electric,Steel,https://img.pokemondb.net/sprites/bank/normal/togedemaru.png
777,#778,Mimikyu,Ghost,Fairy,https://img.pokemondb.net/sprites/bank/normal/mimikyu.png
778,#779,Bruxish,Water,Psychic,https://img.pokemondb.net/sprites/bank/normal/bruxish.png
779,#780,Drampa,Normal,Dragon,https://img.pokemondb.net/sprites/bank/normal/drampa.png
780,#781,Dhelmise,Ghost,Grass,https://img.pokemondb.net/sprites/bank/normal/dhelmise.png
781,#782,Jangmo-o,Dragon,,https://img.pokemondb.net/sprites/bank/normal/jangmo-o.png
782,#783,Hakamo-o,Dragon,Fighting,https://img.pokemondb.net/sprites/bank/normal/hakamo-o.png
783,#784,Kommo-o,Dragon,Fighting,https://img.pokemondb.net/sprites/bank/normal/kommo-o.png
784,#785,Tapu,Electric,Fairy,https://img.pokemondb.net/sprites/bank/normal/tapu-koko.png
785,#786,Tapu,Psychic,Fairy,https://img.pokemondb.net/sprites/bank/normal/tapu-lele.png
786,#787,Tapu,Grass,Fairy,https://img.pokemondb.net/sprites/bank/normal/tapu-bulu.png
787,#788,Tapu,Water,Fairy,https://img.pokemondb.net/sprites/bank/normal/tapu-fini.png
788,#789,Cosmog,Psychic,,https://img.pokemondb.net/sprites/bank/normal/cosmog.png
789,#790,Cosmoem,Psychic,,https://img.pokemondb.net/sprites/bank/normal/cosmoem.png
790,#791,Solgaleo,Psychic,Steel,https://img.pokemondb.net/sprites/bank/normal/solgaleo.png
791,#792,Lunala,Psychic,Ghost,https://img.pokemondb.net/sprites/bank/normal/lunala.png
792,#793,Nihilego,Rock,Poison,https://img.pokemondb.net/sprites/bank/normal/nihilego.png
793,#794,Buzzwole,Bug,Fighting,https://img.pokemondb.net/sprites/bank/normal/buzzwole.png
794,#795,Pheromosa,Bug,Fighting,https://img.pokemondb.net/sprites/bank/normal/pheromosa.png
795,#796,Xurkitree,Electric,,https://img.pokemondb.net/sprites/bank/normal/xurkitree.png
796,#797,Celesteela,Steel,Flying,https://img.pokemondb.net/sprites/bank/normal/celesteela.png
797,#798,Kartana,Grass,Steel,https://img.pokemondb.net/sprites/bank/normal/kartana.png
798,#799,Guzzlord,Dark,Dragon,https://img.pokemondb.net/sprites/bank/normal/guzzlord.png
799,#800,Necrozma,Psychic,,https://img.pokemondb.net/sprites/bank/normal/necrozma.png
800,#801,Magearna,Steel,Fairy,https://img.pokemondb.net/sprites/bank/normal/magearna.png
801,#802,Marshadow,Fighting,Ghost,https://img.pokemondb.net/sprites/bank/normal/marshadow.png
802,#803,Poipole,Poison,,https://img.pokemondb.net/sprites/bank/normal/poipole.png
803,#804,Naganadel,Poison,Dragon,https://img.pokemondb.net/sprites/bank/normal/naganadel.png
804,#805,Stakataka,Rock,Steel,https://img.pokemondb.net/sprites/bank/normal/stakataka.png
805,#806,Blacephalon,Fire,Ghost,https://img.pokemondb.net/sprites/bank/normal/blacephalon.png
806,#807,Zeraora,Electric,,https://img.pokemondb.net/sprites/bank/normal/zeraora.png
807,#808,Meltan,Steel,,https://img.pokemondb.net/sprites/bank/normal/meltan.png
808,#809,Melmetal,Steel,,https://img.pokemondb.net/sprites/bank/normal/melmetal.png
809,#810,Grookey,Grass,,https://img.pokemondb.net/sprites/sword-shield/normal/grookey.png
810,#811,Thwackey,Grass,,https://img.pokemondb.net/sprites/sword-shield/normal/thwackey.png
811,#812,Rillaboom,Grass,,https://img.pokemondb.net/sprites/sword-shield/normal/rillaboom.png
812,#813,Scorbunny,Fire,,https://img.pokemondb.net/sprites/sword-shield/normal/scorbunny.png
813,#814,Raboot,Fire,,https://img.pokemondb.net/sprites/sword-shield/normal/raboot.png
814,#815,Cinderace,Fire,,https://img.pokemondb.net/sprites/sword-shield/normal/cinderace.png
815,#816,Sobble,Water,,https://img.pokemondb.net/sprites/sword-shield/normal/sobble.png
816,#817,Drizzile,Water,,https://img.pokemondb.net/sprites/sword-shield/normal/drizzile.png
817,#818,Inteleon,Water,,https://img.pokemondb.net/sprites/sword-shield/normal/inteleon.png
818,#819,Skwovet,Normal,,https://img.pokemondb.net/sprites/sword-shield/normal/skwovet.png
819,#820,Greedent,Normal,,https://img.pokemondb.net/sprites/sword-shield/normal/greedent.png
820,#821,Rookidee,Flying,,https://img.pokemondb.net/sprites/sword-shield/normal/rookidee.png
821,#822,Corvisquire,Flying,,https://img.pokemondb.net/sprites/sword-shield/normal/corvisquire.png
822,#823,Corviknight,Flying,Steel,https://img.pokemondb.net/sprites/sword-shield/normal/corviknight.png
823,#824,Blipbug,Bug,,https://img.pokemondb.net/sprites/sword-shield/normal/blipbug.png
824,#825,Dottler,Bug,Psychic,https://img.pokemondb.net/sprites/sword-shield/normal/dottler.png
825,#826,Orbeetle,Bug,Psychic,https://img.pokemondb.net/sprites/sword-shield/normal/orbeetle.png
826,#827,Nickit,Dark,,https://img.pokemondb.net/sprites/sword-shield/normal/nickit.png
827,#828,Thievul,Dark,,https://img.pokemondb.net/sprites/sword-shield/normal/thievul.png
828,#829,Gossifleur,Grass,,https://img.pokemondb.net/sprites/sword-shield/normal/gossifleur.png
829,#830,Eldegoss,Grass,,https://img.pokemondb.net/sprites/sword-shield/normal/eldegoss.png
830,#831,Wooloo,Normal,,https://img.pokemondb.net/sprites/sword-shield/normal/wooloo.png
831,#832,Dubwool,Normal,,https://img.pokemondb.net/sprites/sword-shield/normal/dubwool.png
832,#833,Chewtle,Water,,https://img.pokemondb.net/sprites/sword-shield/normal/chewtle.png
833,#834,Drednaw,Water,Rock,https://img.pokemondb.net/sprites/sword-shield/normal/drednaw.png
834,#835,Yamper,Electric,,https://img.pokemondb.net/sprites/sword-shield/normal/yamper.png
835,#836,Boltund,Electric,,https://img.pokemondb.net/sprites/sword-shield/normal/boltund.png
836,#837,Rolycoly,Rock,,https://img.pokemondb.net/sprites/sword-shield/normal/rolycoly.png
837,#838,Carkol,Rock,Fire,https://img.pokemondb.net/sprites/sword-shield/normal/carkol.png
838,#839,Coalossal,Rock,Fire,https://img.pokemondb.net/sprites/sword-shield/normal/coalossal.png
839,#840,Applin,Grass,Dragon,https://img.pokemondb.net/sprites/sword-shield/normal/applin.png
840,#841,Flapple,Grass,Dragon,https://img.pokemondb.net/sprites/sword-shield/normal/flapple.png
841,#842,Appletun,Grass,Dragon,https://img.pokemondb.net/sprites/sword-shield/normal/appletun.png
842,#843,Silicobra,Ground,,https://img.pokemondb.net/sprites/sword-shield/normal/silicobra.png
843,#844,Sandaconda,Ground,,https://img.pokemondb.net/sprites/sword-shield/normal/sandaconda.png
844,#845,Cramorant,Flying,Water,https://img.pokemondb.net/sprites/sword-shield/normal/cramorant.png
845,#846,Arrokuda,Water,,https://img.pokemondb.net/sprites/sword-shield/normal/arrokuda.png
846,#847,Barraskewda,Water,,https://img.pokemondb.net/sprites/sword-shield/normal/barraskewda.png
847,#848,Toxel,Electric,Poison,https://img.pokemondb.net/sprites/sword-shield/normal/toxel.png
848,#849,Toxtricity,Electric,Poison,https://img.pokemondb.net/sprites/sword-shield/normal/toxtricity.png
849,#850,Sizzlipede,Fire,Bug,https://img.pokemondb.net/sprites/sword-shield/normal/sizzlipede.png
850,#851,Centiskorch,Fire,Bug,https://img.pokemondb.net/sprites/sword-shield/normal/centiskorch.png
851,#852,Clobbopus,Fighting,,https://img.pokemondb.net/sprites/sword-shield/normal/clobbopus.png
852,#853,Grapploct,Fighting,,https://img.pokemondb.net/sprites/sword-shield/normal/grapploct.png
853,#854,Sinistea,Ghost,,https://img.pokemondb.net/sprites/sword-shield/normal/sinistea.png
854,#855,Polteageist,Ghost,,https://img.pokemondb.net/sprites/sword-shield/normal/polteageist.png
855,#856,Hatenna,Psychic,,https://img.pokemondb.net/sprites/sword-shield/normal/hatenna.png
856,#857,Hattrem,Psychic,,https://img.pokemondb.net/sprites/sword-shield/normal/hattrem.png
857,#858,Hatterene,Psychic,Fairy,https://img.pokemondb.net/sprites/sword-shield/normal/hatterene.png
858,#859,Impidimp,Dark,Fairy,https://img.pokemondb.net/sprites/sword-shield/normal/impidimp.png
859,#860,Morgrem,Dark,Fairy,https://img.pokemondb.net/sprites/sword-shield/normal/morgrem.png
860,#861,Grimmsnarl,Dark,Fairy,https://img.pokemondb.net/sprites/sword-shield/normal/grimmsnarl.png
861,#862,Obstagoon,Dark,Normal,https://img.pokemondb.net/sprites/sword-shield/normal/obstagoon.png
862,#863,Perrserker,Steel,,https://img.pokemondb.net/sprites/sword-shield/normal/perrserker.png
863,#864,Cursola,Ghost,,https://img.pokemondb.net/sprites/sword-shield/normal/cursola.png
864,#865,Sirfetch'd,Fighting,,https://img.pokemondb.net/sprites/sword-shield/normal/sirfetchd.png
865,#866,Mr.,Ice,Psychic,https://img.pokemondb.net/sprites/sword-shield/normal/mr-rime.png
866,#867,Runerigus,Ground,Ghost,https://img.pokemondb.net/sprites/sword-shield/normal/runerigus.png
867,#868,Milcery,Fairy,,https://img.pokemondb.net/sprites/sword-shield/normal/milcery.png
868,#869,Alcremie,Fairy,,https://img.pokemondb.net/sprites/sword-shield/normal/alcremie.png
869,#870,Falinks,Fighting,,https://img.pokemondb.net/sprites/sword-shield/normal/falinks.png
870,#871,Pincurchin,Electric,,https://img.pokemondb.net/sprites/sword-shield/normal/pincurchin.png
871,#872,Snom,Ice,Bug,https://img.pokemondb.net/sprites/sword-shield/normal/snom.png
872,#873,Frosmoth,Ice,Bug,https://img.pokemondb.net/sprites/sword-shield/normal/frosmoth.png
873,#874,Stonjourner,Rock,,https://img.pokemondb.net/sprites/sword-shield/normal/stonjourner.png
874,#875,Eiscue,Ice,,https://img.pokemondb.net/sprites/sword-shield/normal/eiscue.png
875,#876,Indeedee,Psychic,Normal,https://img.pokemondb.net/sprites/sword-shield/normal/indeedee.png
876,#877,Morpeko,Electric,Dark,https://img.pokemondb.net/sprites/sword-shield/normal/morpeko.png
877,#878,Cufant,Steel,,https://img.pokemondb.net/sprites/sword-shield/normal/cufant.png
878,#879,Copperajah,Steel,,https://img.pokemondb.net/sprites/sword-shield/normal/copperajah.png
879,#880,Dracozolt,Electric,Dragon,https://img.pokemondb.net/sprites/sword-shield/normal/dracozolt.png
880,#881,Arctozolt,Electric,Ice,https://img.pokemondb.net/sprites/sword-shield/normal/arctozolt.png
881,#882,Dracovish,Water,Dragon,https://img.pokemondb.net/sprites/sword-shield/normal/dracovish.png
882,#883,Arctovish,Water,Ice,https://img.pokemondb.net/sprites/sword-shield/normal/arctovish.png
883,#884,Duraludon,Steel,Dragon,https://img.pokemondb.net/sprites/sword-shield/normal/duraludon.png
884,#885,Dreepy,Dragon,Ghost,https://img.pokemondb.net/sprites/sword-shield/normal/dreepy.png
885,#886,Drakloak,Dragon,Ghost,https://img.pokemondb.net/sprites/sword-shield/normal/drakloak.png
886,#887,Dragapult,Dragon,Ghost,https://img.pokemondb.net/sprites/sword-shield/normal/dragapult.png
887,#888,Zacian,Fairy,Steel,https://img.pokemondb.net/sprites/sword-shield/normal/zacian.png
888,#889,Zamazenta,Fighting,Steel,https://img.pokemondb.net/sprites/sword-shield/normal/zamazenta.png
889,#890,Eternatus,Poison,Dragon,https://img.pokemondb.net/sprites/sword-shield/normal/eternatus.png
890,#891,Kubfu,Fighting,,https://img.pokemondb.net/sprites/sword-shield/normal/kubfu.png
891,#892,Urshifu,Fighting,Dark,https://img.pokemondb.net/sprites/sword-shield/normal/urshifu.png
892,#893,Zarude,Dark,Grass,https://img.pokemondb.net/sprites/sword-shield/normal/zarude.png
893,#894,Regieleki,Electric,,https://img.pokemondb.net/sprites/sword-shield/normal/regieleki.png
894,#895,Regidrago,Dragon,,https://img.pokemondb.net/sprites/sword-shield/normal/regidrago.png
895,#896,Glastrier,Ice,,https://img.pokemondb.net/sprites/sword-shield/normal/glastrier.png
896,#897,Spectrier,Ghost,,https://img.pokemondb.net/sprites/sword-shield/normal/spectrier.png
897,#898,Calyrex,Psychic,Grass,https://img.pokemondb.net/sprites/sword-shield/normal/calyrex.png
